Artist,Title,Year,URL
SongSeeker,Die Anleitung,2024,https://www.youtube.com/shorts/7HyRlqEmfSE
König der Löwen, Der ewige Kreis,1994,https://www.youtube.com/watch?v=eOgMTcLgm38&list=PLc6OoqL0xc0ayk2bl5VY_3p-_x3M2E4w-&index=1&pp=iAQB
Aladdin, Ein Traum wird wahr,1992,https://youtu.be/hS4tDTXNTzw?si=JO9HdKBqn4MAHc8V
Die Schöne und das Biest,Die Schöne und das Biest,1991,https://youtu.be/xsT5MLndJxk?si=APBai84ey1paw6SI
König der Löwen,Kann es wirklich Liebe sein,1994,https://www.youtube.com/watch?v=8XbS4Lr9XGc&list=PLc6OoqL0xc0ayk2bl5VY_3p-_x3M2E4w-&t=7s
Aristocats,Katzen brauchen viel Musik,1970,https://youtu.be/4xfIRzg3BI0?si=ayg_ovPNJLjHSMR5
Arielle die Meerjungfrau,Unter dem Meer,1989,https://www.youtube.com/watch?v=IkLpSgnEqw4&list=PLc6OoqL0xc0ayk2bl5VY_3p-_x3M2E4w-&t=28s
König der Löwen,Hakuna Matata,1994,https://youtu.be/hUOtc5jQ7z0?si=YdK9NdoIF74tS-7U
Mulan,Wer bin ich,1998,https://youtu.be/hUOtc5jQ7z0?si=YdK9NdoIF74tS-7U
Das Dschungelbuch,Probier's mal mit Gemütlichkeit,1967,https://youtu.be/v_EWWyJfgPc?si=ENONr4Vg4K19iUx9
Die Eiskönigin,Lass jetzt los,2013,https://youtu.be/BjwDV1Is34U?si=plKE4Rran6NpwspU
Susi und Strolchi,Schön ist die Nacht,1955,https://youtu.be/sLrWNuGl6ks?si=FzFG0Abfl3EvknnQ
Cap und Capper,Allerbeste Freunde,1981,https://youtu.be/qDNNs77-C6E?list=PLc6OoqL0xc0ayk2bl5VY_3p-_x3M2E4w-&t=35
Die Hexe und der Zauberer,Higitus Figitus,1963,https://youtu.be/pbtxGDnI34s?si=VuIrRth--XECfPip
Aladdin, 40 Räuber - die sind wir,1992,https://youtu.be/lAGWGo3Lgws?si=KTYWmRo1Nsgr63F-
Die Schöne und das Biest,Sei hier Gast,1991,https://youtu.be/0sYtWvm_2Z0?si=ufd4fb07_QepczaX
Robin Hood,Oo-de-lally,1973,https://youtu.be/rOwpwpkDRY8?si=GM5i7R3YTEsIoEtz
Das Dschungelbuch,Elefantenparade,1967,https://youtu.be/BeJ4YMcKcUU?si=2Mfyd_PeAVR-WF
Mary Poppins,Drachensteigen,1964,https://youtu.be/fy6BE0F6dkE?si=Z2YEAJepchL4Myub
Hercules,In Sekunden auf 100,1997,https://youtu.be/TdYT51x4jps?si=KUAH3vazXjUdVt4X
ToyStory,Du hast nen Freund in mir,1995,https://youtu.be/igJg7xCAKPM?si=1Th8arSHyelY_4LT
Mary Poppins,Ich lach so gern,1967,https://youtu.be/igJg7xCAKPM?si=1Th8arSHyelY_4LT
Schneewittchen,Ich wünsch mir,1938,https://youtu.be/hg5ZDmIeirI?si=Ac_HpoNpdHLiFtJM
Dumbo,Wie ein Elefant fliegt,1941,https://youtu.be/mG_csKKqvyc?si=LiNRq6ICnOh-F9rj
101 Dalmatiner,Cruella De Vil,1961,https://youtu.be/BLllAD7_OAs?si=MC0f_iT6Cgr-fioD
Bernard und Bianca,Rettungshilfs-vereinigung,1977,https://youtu.be/wQxedifpZjg?si=MqrZgSns9ZIV3Gm1
Der Albtraum vor Weihnachten,This is Halloween,1993,https://youtu.be/h4-8ljB_YLA?si=jy6BRcCpHWuNwkKs
Peter Pan,You can fly,1953,https://youtu.be/kyd1j3mRsw4
Pocahontas,Was das nächste Ufer bringt,1995,https://youtu.be/1Iz3EZuM4Sg?t=10
Vaiana,Ich bin bereit,2016,https://youtu.be/TtgwGp3BjuQ?si=uyrWsTCdZ0U8LYm1
Dornröschen,Ich kenn dich,1959,https://youtu.be/JsDautM1-tg?si=fA4xc8OjMNteaKuT
Pinocchio,Hi Deddle Dee Dee,1940,https://youtu.be/YTAtdftUHiE?si=9s90o6HMSLta0KBx
Bärenbrüder,Götter der Ewigkeit,2003,https://youtu.be/MxhfZlvGbNk?si=4KBz6sdBDj7J9h2s
Aristocats,Aristocats,1970,https://youtu.be/F0gdbjaIF6Q?si=6ut4Q_4yu_Ouycdy
König der Löwen,Der Morgenreport,1994,https://youtu.be/LzPzvIHN2uA?si=WGnwyhe12Vfb7dkE
Peter Pan,Der elegante Käptn Hook,1953,https://youtu.be/rNmi7iGB9lU?si=5ba6C7jTRUxF0Y7w
Heidi,Intro,1974,https://youtu.be/UWvVDJAckxQ?si=nK5nmp5GqXjoaxGk
Pink Panther,Intro,1964,https://youtu.be/Myvuv8Z-yHU?si=HFAhVREoXSw0aN54
Die Gummibärenbande,Intro,1985,https://youtu.be/9Ibqoz5M4l0?si=FmcXmCRTnE529Md8
Biene Maja,Intro,1975,https://youtu.be/65FMs-eHKLA?si=hYsDgfuGtnh9BZwi
Oggy und die Kakerlaken,Intro,1998,https://youtu.be/UnUQvhFAYxs?si=AJH7zVRQciIpWoTw
Goofy und Max,Intro,1992,https://youtu.be/GC_17yz6raI?si=orFhRFNcy5ktqbMw
Nils Holgerson,Intro,1980,https://youtu.be/sWrCKqGdN4M?si=ZNftfz0MmPcxIDVR
Phineas und Ferb,Intro,2007,https://youtu.be/3esSlAxy0gE?si=KkIicRWg54XKlwK5
Spongebob,Intro,1999,https://youtu.be/fdXSSNBA9GY?si=ZVSSkMVOzgDulL4e
Niklaas-ein Junge aus Flandern,Intro,1975,https://youtu.be/Vsrzr-BmNLU?si=HpDs3MtjJtSWx-3x
Mila Superstar,Intro,1969,https://youtu.be/aA72tOJredc?si=XSG65pb0Kj5jyKmB
Speedy Gonzalez,Intro,1948,https://youtu.be/k4i37XVZv3o?si=fsceoL1HnjpykRyY
Michel aus Lönneberga,Intro,1975,https://youtu.be/jOjEZiwK9l0?si=pFSqE3sNysLykotV
Die Kickers,Intro,1985,https://youtu.be/SnRNVuOzbws?si=8K6jdsL-oGrKSXgM
Ghostbusters,Intro,1984,https://youtu.be/jQzo8j8PLg8?si=AS-p2ItNa8hGlak-
Schloss Einstein,Intro,1998,https://youtu.be/7A5QZR_yPs8?si=Z81X7f9NNcC5krBW
Flipper,Intro,1964,https://youtu.be/npjEfqKF7pk?si=F0GY9PC1SMIN-LVJ
Lauras Stern,Intro,2002,https://youtu.be/Bf63hGcrd2I?si=hVWo-tKlokGhhfHT
Lenas Ranch,Intro,2013,https://youtu.be/Bf63hGcrd2I?si=hVWo-tKlokGhhfHT
Pokemon,Intro,1997,https://youtu.be/LUlZ5n0cyak?si=FcY4bmj9VC3fQEVH
Winnie Puh,Intro,1988,https://youtu.be/nP5ikTcH5VU?si=A0ddTKiGpZrkK22o
Micky Maus Wunderhaus,Intro,2006,https://youtu.be/KquWlsJunAk?si=EvqVbnWLhXqZMi6c
Lucky Luke,Intro,1992,https://youtu.be/OD2N3L5t1kA?si=zxcLFGE7uzEeAiLn
Willi wills wissen,Intro,2002,https://youtu.be/8vJjmZzf5JY?si=0-cQwl5hE1-hnLVz
Kim Possible,Intro,2002,https://youtu.be/W86QOeHiqTk?si=iqN3N_gotBf8_9YC
Digimon,Intro,1999,https://youtu.be/u_WGk-zL64w?si=s0jHt7IS4SQMCgI-
Camp Lazlo,Intro,2005,https://youtu.be/HE3MhtqTpz0?si=hB0_r9LOupN1abOw
Pinky und der Brain,Intro,1995,https://youtu.be/U4Rl83wK1VE?list=PLc6OoqL0xc0aKOQunbVrG9xlSfkTeflhe&t=6
Thomas und seine Freunde,Intro,1984,https://youtu.be/Vi3FazgzK9Q?si=RwD7OlGjYGE7BR3O
Der Traumstein,Intro,1990,https://youtu.be/NGX5T4ZG13U?si=ftEhj8VtYjTiyWql
Jake und die Nimmerlandpiraten,Intro,2011,https://youtu.be/aEslHH42QHU?si=_cfXW2hHD0gBKWys
Lazy Town,Intro,2005,https://youtu.be/1nbCtrOqwB4?si=l8wedWJ-ivTAXete
H2O Plötzlich Meerjungfrau,Intro,2006,https://youtu.be/_1GGPrKhHNA?si=wsVa0Ae7GiiZPLro
Unser Sandmännchen,Intro,1959,https://youtu.be/mXA1PN0Kgao?si=OqGqlWgk9SPkyg9k
Die Schlümpfe,Intro,1981,https://youtu.be/qU49SqXsKnA?si=203RjzFgOWxHLpEW
Die Glücksbärchis,Wolkenland,1985,https://youtu.be/4hX-Ruf2WOM?si=dj3vGb7Sv0mxrpXc
Peter Maffay - Tabaluga,Nessaja,1983,https://youtu.be/mGKkMeVHt_0?si=pveB0-pmPfdrJaTC
Als die Tiere den Wald verließen,Intro,1993,https://youtu.be/mFyroMNAohg?si=lqujYx-wkDIm4XU2
Powerpuff Girls,Intro,1998,https://youtu.be/kF2TABRmvgU?si=U7NvlkTeR9j-jkQd
Karlsson auf dem Dach,Outro,1975,https://youtu.be/EClACjLv_Tk?si=2jFiJ0Q5xzxd6LlH
Bibi und Tina,Intro,2002,https://youtu.be/zd3q8oD7eLw?si=duS5JgzlQsvkQtE8
Kick Buttowski,Intro,2010,https://youtu.be/JVPXUXwXhPY?si=2SfpSuQNtJxBwmgE
Bär im großen blauen Haus,Intro,1998,https://youtu.be/u4fqVpKK8vE?si=EgJlhaYzgbUNKGtd
Bibi Blocksberg,Intro,1988,https://youtu.be/dtkbcn3LCf0?list=PLc6OoqL0xc0aKOQunbVrG9xlSfkTeflhe&t=20
Captain Planet,Intro,1990,https://youtu.be/-79HMqwz9NQ?si=yYpSfPmBxATpT7K0
Thundercats,Intro,2011,https://youtu.be/HcGNqrAtsgg?si=QCYYlpLym-sc7uw1
My little Pony,Intro,1986,https://youtu.be/ajArQDXqt6g?si=W8l4pyR9XB1YNS8y
Sendung mit der Maus,Intro,1971,https://youtu.be/iHLJJ3vAxD4?si=NrP7WKMPvleO3d8H
Sailor Moon,Intro,1992,https://youtu.be/DnkxOqMfxt0?si=kagYEa3QbBVxQsHV
Conni,Intro,2011,https://youtu.be/kDt5CbwdQLI?si=pHePVZjtKpQsGTHA
Der Li-La-Launebär,Intro,1988,https://youtu.be/4YaBbSWKQXg?si=SIDmBnSWdpKtcZeA
Zig & Sharko,Intro,2010,https://youtu.be/deir3mr19MA?si=_DGs3kEp-w3OqDAi
Es war einmal der Weltraum,Intro,1982,https://youtu.be/hPzXPM5P_LY?si=OY-9mNmVnceJ_rz6
Inspector Gadget,Intro,1983,https://youtu.be/17tlrwVnzSo?si=sDWbxvu30N1l3Kuv
Kinder vom Berghof,Intro,1983,https://youtu.be/-XFGm69jANY?si=TtgWb3WoaqDZNi02
McGyver,Intro,1985,https://youtu.be/EoMh3gkRg0w?si=AyPgXc9bDIigeYoN
A-Team,Intro,1983,https://youtu.be/yS1JrWBTzOU?si=ZJ-em0bZ5toJCAou
Berverly Hills 90210,Intro,1990,https://youtu.be/yS1JrWBTzOU?si=lWwBP6C5S2v8rVOD
Captain Future,Intro,1977,https://youtu.be/dcjhpETolG0?si=cel_Lrd7Z6Kl18RK
Magnum,Intro,1980,https://youtu.be/3CquMO3vJvo?si=0cbgi02qz92QnQBw
Siebenstein,Intro,1988,https://youtu.be/E44nhqK6170?si=MdEZf0n2_5Y7h8dL
Wickie und die starken Männer,Intro,1972,https://youtu.be/tQoZRNU5RTg?si=d-wutfh6QQdmvx0d
Die Waltons,Intro,1972,https://youtu.be/cCuP9kFmGDQ?si=y4jsIlViE9YXW3qc
Väter der Klamotte,Intro,1973,https://youtu.be/kyMvTrvO8bA?si=35PWnXLG2Deo95T-
Tatort,Intro,1970,https://youtu.be/k0pV2faxne4?si=4bqi1u1jIwd0B3h6
Rauchende Colts,Intro,1955,https://youtu.be/F2U4vhTUoUY?si=5ym9Bv9kEoLmWo49
Knight Rider,Intro,1982,https://youtu.be/Hm3AFz4wrw4?si=pnXEjqjHSR6ilsU3
Alf,Intro,1986,https://youtu.be/wGtp5y6weMs?si=wCgAIZ-CewNEfSxS
Full House,Intro,1987,https://youtu.be/KIdShs7vuJU?si=vDzpWdleMzY412Oh
Baywatch,Intro,1989,https://youtu.be/OCKhCjT6qpU?t=23
Lassie,Intro,1954,https://youtu.be/l457Eg33qJ4?si=7nR7eXOSrRmbfw7S
Pippi Langstrumpf,Intro,1968,https://youtu.be/88AuLPa95Gs?si=ATKE8qRGzcY5prjV
Auf Achse,Intro,1977,https://youtu.be/xfUnDCWL7oo?si=X27dy6S0JySLft77
Raumpatrouille Orion,Intro,1966,https://youtu.be/6HyHPhmzu60?si=Wmnc8rleTM0FmiqG
Mit Schirm Charme und Melone,Intro,1961,https://youtu.be/XEfAKPd1ecM?si=yNvZYjUqDQYQJqOW
Battlestar Galactica,Intro,1978,https://youtu.be/vzyHxYxc-Mo?si=8hwS4bYSJCfJEE88
Columbo,Intro,1968,https://youtu.be/aKllq_xIRY8?si=_Cd04kfjM9BKHU4q
Star Trek: Next Generation,Intro,1987,https://youtu.be/HnDtvZXYHgE?si=d4cB0i89HWKYHBlg
Alle unter einem Dach,Intro,1989,https://www.youtube.com/watch?v=n4TtbJGOqaA&list=PL562DQ2tfsZcxc3oEWsc4LPXDMPMGIcOx&t=2s
Bill Cosby Show,Intro,1984,https://youtu.be/UsddoySxOJo?si=XRpPk57TqCBa_s1P
Ein Käfig voller Helden,Intro,1965,https://youtu.be/nlvFs95xRD8?si=JVJR-ngom_CF6zJI
Der Alte,Intro,1977,https://youtu.be/rCL4Of1bWqg?si=moRXwCDm-cPY4YiN
Starsky and Hutch,Intro,1975,https://youtu.be/gsJ4pALlbEM?si=Rq2LNm3pX46jvujr
Daktari,Intro,1966,https://youtu.be/eV8letCcAyw?si=ppmPXDgl-42LHsxS
Cannon,Intro,1971,https://youtu.be/MQaNeIecJkE?si=rOE1qIbp8NKkLCXE
Pan Tau,Intro,1965,https://youtu.be/xbLQ305YFMU?si=JMgQ7_W8NHhwXblV
Hör mal wer da hämmert,Intro,1991,https://youtu.be/MUEe8p-idxc?si=-2dCaei5jja5IeKN
Familie Heinz Becker,Intro,1992,https://youtu.be/t8Sj2mizqsY?si=A3qB5QqGvPYFNmtM
Raumschiff Enterprise,Intro,1965,https://youtu.be/awH9FvLZUCo?si=v3TaJem7q8VwUGUA
Airwolf,Intro,1984,https://youtu.be/uY5ogQ-kZrY?si=uqP-95jLaHaTQKX-
Ein Colt für alle Fälle,Intro,1981,https://youtu.be/Tj4Kni9x0dI?si=3j-hdE2MqY6CJjCW
Walker Texas Ranger,Intro,1993,https://youtu.be/nKebLNk04is?si=5QFbT3cIM2FpYDY_
Lindenstraße,Intro,1985,https://youtu.be/t3l4-HtcL74?si=gfBB081p44MKiDcA
The Twilight Zone,Intro,1985,https://youtu.be/2Znqt2b8CKQ?si=19Cvz272Mp6M5Qfp
Neues aus Uhlenbusch,Intro,1977,https://youtu.be/JBOaLqByW7A?si=4SIyWYBRAY34msgL
Star Trek Voyager,Intro,1995,https://youtu.be/Z_OylbFmMJU?si=vZbdjz03NlUSMF3P
Das Feuerrote Spielmobil,Intro,1972,https://youtu.be/QzDT7vBGb5E?si=G4EYYNr3m7lvFq02
Sesamstraße,Intro,1972,https://youtu.be/GF5uhyokdI8?si=qeXUBuhzL8vxLf4R
Sandmännchen (West),Intro,1959,https://youtu.be/GF5uhyokdI8?si=qeXUBuhzL8vxLf4R
Herr Rossi sucht das Glück,Intro,1960,https://youtu.be/JV21cSWSOc4?si=qz9Bqci9bY06X5QP
Sindbad,Intro,1975,https://youtu.be/BAsY9H5AYlk?si=3gr6fOUeZo6JfF-G
Eine schrecklich nette Familie,Intro,1978,https://youtu.be/EpIvvU9XYYk?si=vIEWZrSXujoEgXTu
Fraggle Rock,Intro,1983,https://youtu.be/94Td10o2jpk?si=LiuGJvhOerckq8GC
King of Queens,Intro,1998,https://youtu.be/p3SMEI0ngrQ?si=99nRLDWnLgxW0yxf
Forsthaus Falkenau,Intro,1989,https://youtu.be/ZmUlKPthrag?si=L_8IvL_BYyx2K392
21 Jump Street,Intro,1987,https://youtu.be/x3kwPbjBLgY?si=FYjqU13oUVKP5WmI
Dr.Snuggles,Intro,1979,https://youtu.be/x3kwPbjBLgY?si=FYjqU13oUVKP5WmI
The Benny Hill Show,Intro,1955,https://youtu.be/za3pqpM61HE?si=NvXsdHtxrkcSgIPn
Akte X,Intro,1993,https://youtu.be/1XSaGLLyEDg?si=LJINPFz0kx1qFONl
Simpsons,Intro,1989,https://youtu.be/GK523LEqMH8?si=5JZqEHi7_0DNHPbe
Addams Family,Intro,1964,https://youtu.be/71S9XnBwZ0E?si=-9B1RfnvsmB1J5Is
Drei Engel für Charlie,Intro,1976,https://youtu.be/RAV-asHJES0?si=1rwGRneTEsrRmuxe
Sex & the City,Intro,1998,https://youtu.be/znn1lM99O4I?si=8KlsC6XjwQFBIcHS
Desperate Housewives,Intro,2004,https://youtu.be/znn1lM99O4I?si=eVWAadnCDG2i-S6m
Prison Break,Intro,2005,https://youtu.be/kvCt7vjifY4?si=YGsaIFopXZhakm_H
Game of Thrones,Intro,2011,https://youtu.be/gFP18GoohLw?si=gHkKQu_aTYok-miD
Seinfeld,Intro,1989,https://youtu.be/MGQR6TZZVzk?si=mKZSPnl458XvgUfm
Miami Vice,Intro,1984,https://youtu.be/aTdJiHvMOSc?si=4lxaCmP-yvgRTi0z
Monty Python's Flying Circus,Intro,1969,https://youtu.be/Ntqo08-fY-0?si=S8PwB8lOcZ7zmikA
Dexter,Intro,2006,https://youtu.be/EuvLpeQQotE?si=n1LaV7Y0ia-smNpN
Geschichten aus der Gruft,Intro,1989,https://youtu.be/mwwEH2lCsBA?si=iqNHCHLlRYAOKBWk
Die Nanny,Intro,1993,https://youtu.be/9OQ2yMjcKQw?si=nKFsqXSYGygJwMJJ
Muppet Show,Intro,1976,https://youtu.be/KEACSGkRSDY?si=pYNdtcgnQRThOeDm
M.A.S.H.,Intro,1972,https://youtu.be/-eMvHk4YMRw?si=Va5KXMYZgYE8JZD2
Wer ist der Boss,Intro,1984,https://youtu.be/bfCzoDh1RZI?si=oRMO-AviiTGorYEM
The Office,Intro,2005,https://youtu.be/LiB4ZGdaH5Q?si=P5Mc1YmSUxsSLpuv
Roseanne,Intro,1988,https://youtu.be/VjyVeMmfdAY?si=QRcZ6UJqLoUldtEb
Dick und Doof,Intro,1921,https://youtu.be/bNvVtuazFCc?si=gGNFWiCvXLjCCoWz
Buffy,Intro,1997,https://youtu.be/JCoFnp3OLiA?si=RBP87ZIQ0df8xh48
Futurama,Intro,1999,https://youtu.be/-X7hXT33YyQ?si=Vej4prA5sGu39QyS
Bonanza,Intro,1959,https://youtu.be/BPlmqixhqJo?si=lAKU7fKfVUXSbMzn
Chuck,Intro,2007,https://youtu.be/Jk9-YIxrXwU?si=LYysxSZhQRjITlhm
Hawai-Five-O,Intro,2010,https://youtu.be/mz7LlDPO9HQ?si=6IqK4sM0blQrOAhH
Superman - Abenteuer  von Lois & Clark,Intro,1993,https://youtu.be/s2QD1H7vKbQ?si=ZsUeU4pqv7aAmR4y
Pingu,Intro,1986,https://youtu.be/uCwnJRKXOkw?si=rPZv9fdzOb3kyLxg
Tutti Frutti,Intro,1987,https://youtu.be/2MEMYyW9Vm0?si=Hn89oKDctl-y2xpD
Teletubbies,Intro,2015,https://youtu.be/TIIWPACxHDU?si=2REgqeRJonHUiK-P
Scooby Doo,Intro,2002,https://youtu.be/0_C2HJvtRDY?si=CQQ2xbqqUZ39J8Z_
Teenage Mutant Hero Turtles,Intro,1987,https://youtu.be/h8UQqxBIs5o?si=N_ZQBErnK1nE9j-X
Alvin und die Chipmunks,Intro,1983,https://youtu.be/Bz7re7WitNg?si=d-91fHiCSHvennr6
Sabre Rider,Intro,1984,https://youtu.be/_3s8KkX4BI0?si=yfI10dW_ms3VXi1f
Bravestarr,Intro,1987,https://youtu.be/rUjDP3qsQjU?si=5M1Vi-MmC0FYub2M
Thundercats,Intro,1985,https://youtu.be/_7lqOTrtCiU?si=gw3L10Hehq89mCYg
Gargoyles,Intro,1994,https://youtu.be/hhdSxcvCYZ0?si=vZ5OTJyOvFB5cGRy
Mighty Ducks,Intro,1996,https://youtu.be/RgIQAqOXDfc?si=8VQcNYksEfX08It-
David der Kabauter,Intro,1985,https://youtu.be/KyIgWmNqzig?si=NcNMHRD6kKsuMlDz
Spiderman,Intro,1967,https://youtu.be/xsx3JCw62WQ?si=D8Z9oHMSxWGpGicp
Police Academy,Intro,1988,https://youtu.be/YOE0F4i7GK8?si=KUqp3Tdl4SbuTr97
Graf Duckula,Intro,1988,https://youtu.be/SyRsYtJxKvw?si=aCkQ4FGc0Ydd63Cw
Popeye Show,Intro,1978,https://youtu.be/RnsVsnM9auA?si=kv6oxuNBozRRO9a2
Familie Feuerstein,Intro,1960,https://youtu.be/-rTj6VHyHAU?si=pP3THnfDxyQ8azMD
Barbapapa,Intro,1974,https://youtu.be/VRFYA58_3gs?si=J2CE8iZUsdwtef-z
One Piece,Intro,1999,https://youtu.be/F99T_HLPFag?si=b0zcYoOdLZrVaJSU
Dragonball,Intro,1986,https://youtu.be/QcrDshBPcw0?si=sVt-ktGIouIsToVD
Die Dinos,Intro,1991,https://youtu.be/SVXHZ2JO1Y8?si=GFA-hjc3hGrnpz3s
Benjamin Blümchen,Intro,1988,https://youtu.be/YB8hqFLRb5k?si=pMVxN5PRR01I4PDe
Hallo Spencer,Intro,1979,https://youtu.be/Y9ycXo7TGrE?si=WzN8UFfX2KVi6oXL
Löwenzahn,Intro,1981,https://youtu.be/PwxtHILcrxg?si=2-eU6jMTG2kvlxUc
Alfred J.Kwak,Intro,1989,https://youtu.be/CWQUXLl5lmc?si=7_8g0KEhYOCPR-xR
Feuerwehrmann Sam,Intro,1987,https://youtu.be/rFSHzOolPFk?si=4pPfc2MkKwab21Fg
Feuerwehrmann Sam,Intro,2005,https://youtu.be/eUBAXf6Dggg?t=6
Paw Patrol,Intro,2013,https://youtu.be/IM9WLDSaTRQ?si=ueveSH9aSTr5k8cS
Chip & Chap,Intro,1988,https://youtu.be/xgDSWhOVtz0?si=WOfi0XUpzcwhzwh4
Ducktales,Intro,1987,https://youtu.be/2HTxFfH2TX4?si=JKYwezXJhFmk2SdG
Darkwing Duck,Intro,1991,https://youtu.be/9d1_N1XrmRk?si=KEtQ-_uG54MciD0X
Peppa Wutz,Intro,2004,https://youtu.be/DbsYMjtdyQI?si=C1uJZxFW2yVuJGQS
Bob der Baumeister,Intro,1998,https://youtu.be/mIcwJQj1cTg?si=q4kXk809nDC9Z1p9
The Three Stooges,Theme Song,1930,https://youtu.be/XTA6vjPyeoQ?si=UAj7_ysC4S8wtS0U
The New Three Stooges,Intro,1965,https://youtu.be/OxFuP1FN-fQ?si=ANvaSR_iEQ6tRNtj
Ein Fall für TKKG,Intro,1985,https://youtu.be/JbJwsAy7tD0?si=Wd9i02NbtIvheGPC
Käpt'n Balu und seine tollkühne Crew,Intro,1990,https://youtu.be/QaPIXIETpHE?si=_V_8CCxss3rkv9o9
Der Bergdoktor,Intro,2008,https://youtu.be/nM38c_gIpF4?si=dTSpUoUZQHlbkIUW
Großstadtreview,Intro,1986,https://youtu.be/B3N5j2BTb_g?si=0You5-Yxt1oBT1w8
Hubert und Staller,Intro,2011,https://youtu.be/lvsglNGOrIE?si=py32I1700Wog16zs
Death in Paradise,Intro,2011,https://youtu.be/OkVeXEShxm4?si=9lm-vvH5WHslz7VD
Rosenheim Cops,Intro,2002,https://youtu.be/InJvOCmTjNA?si=0zBXHDlsrKriesot
Das Traumschiff,Intro,1981,https://youtu.be/xHOpzbXs8Nk?si=Ll7nOnZIcHyXm5a1
Weihnachtsmann & Co. KG,Intro,1997,https://youtu.be/wGyit3DD0FM?si=rDxQwEN-e2xiYknv
WaPo Bodensee,Intro,2016,https://youtu.be/m2y8z57jAno?si=Spj8EGPETGN4IHFI
Die Schwarzwaldklinik,Intro,1985,https://youtu.be/2F6yZoMLDaE?si=pKWsK_ZFypxi1_OO
Polizeiruf 110,Intro,1971,https://youtu.be/ZNTl6Hbs45c?si=RaWMqFTMlHZhx9Dn
In aller Freundschaft,Intro,1999,https://youtu.be/Fdz0RPvh3tE?si=rbOe_wW3LSaVNorp
Grey's Anatomy,Intro,2005,https://youtu.be/GKyvMFkuCog?si=1dSkZwbfw8Q4n2KZ
Bares für Rares,Intro,2013,https://youtu.be/Wa-04Sm6xuY?si=9J77h6kxSq-cm5_E
Alarm für Cobra 11,Intro,1996,https://youtu.be/bSAOzrg5L6g?si=J0qJA8jhzLbOxdIv
Friends,Intro,1994,https://youtu.be/Niu9Zmrx0p8?si=KoFRSN823vme0y4h
Californication,Intro,2007,https://youtu.be/A6RVX-3wNnY?si=DCe8XogLLBhLFxXk
Yellowstone,Intro,2018,https://youtu.be/1WOgBtFnZmY?si=iuu2k3ps9ny9i3XK
The Walking Dead,Intro,2010,https://youtu.be/of-Bqmlgj98?si=2Oc6YloU3RB0hQJ8
Breaking Bad,Intro,2008,https://youtu.be/F1HNuAE9WdU?si=3v_N6RkQ0ktEf4zw
Stranger Things,Intro,2016,https://youtu.be/-RcPZdihrp4?si=orJMZyPfFGGYeSMR
The Sopranos,Intro,1999,https://youtu.be/mJpNmYeooQE?si=KgCLRTHh_xae9afN
Big Bang Theory,Intro,2007,https://youtu.be/x6H7k3XBlk4?si=EZ2XEsb4TfGFUKE3
Orange is the New Black,Intro,2013,https://youtu.be/fBITGyJynfA?si=8I8fOVNUVt6475x8
South Park,Intro,1997,https://youtu.be/piwB5SJqZ7U?si=76Avwi6N-_CHHIrS
Star Wars,Main Theme,1977,https://youtu.be/iXDnFYu91vY?t=23
Jurassic Park,Main Theme,1993,https://youtu.be/lDlU08RU7Tk?si=6PGCxZeoKf9Pmca2
Indiana Jones,The Raiders March,1981,https://youtu.be/IgncJgSbbck?si=1bWr7vgr7XrXvfVb
E.T.,Flying Theme,1982,https://youtu.be/7AR6KQOiNHA?si=IeA66bnLLzkuZ4cs
Pirates of the Caribbean,He's a Pirate,2003,https://youtu.be/BuYf0taXoNw?si=r68y_MuVq6aF4o8y
Kung Fu Panda,Oogway Ascends,2008,https://youtu.be/tAVnGvRwXew?si=PUOxu1o8PfxDK_mK
Zurück in die Zukunft,Main Theme,1985,https://youtu.be/e8TZbze72Bc?si=-g5O2uJjVjsBFG4k
Forrest Gump,Main Theme,1994,https://youtu.be/ps_RXJ69iQA?si=9wH-2X92PK1xkVKi
The Good the Bad and the Ugly,Main Theme,1966,https://youtu.be/kccafOf4O6Q?si=8wGmKOKeXimOxaqG
Once Upon a Time in the West,Man with a Harmonica,1968,https://youtu.be/m6BQKFs3-VM?si=4sf1gZupw7CV0mNc
Titanic,My Heart will go on,1997,https://youtu.be/MxtrIvQKNEQ?si=A_xA1Kosa4sD4CAr
Rocky,Gonna Fly Now,1976,https://youtu.be/ioE_O7Lm0I4?si=X1GGwFOLjd-CJGtg
Lego Movie,Everything is Awesome,2014,https://youtu.be/StTqXEQ2l-Y?si=ZeBRt1JBF5s7Tvui
Mission Impossible,Theme Song,1996,https://youtu.be/XAYhNHhxN0A?si=Lq670zdXtCfmQmDr
Pulp Fiction,Misirlou,1994,https://youtu.be/6bsPlfXigIk?si=aT4uiEqKkPmX-hDX
James Bond,Skyfall,2012,https://youtu.be/DeumyOzKqgI?si=VG8ZQ9EkZTRoz5jr
Rick and Morty,Intro,2013,https://youtu.be/wh10k2LPZiI?si=G6JRH4FUNR3S47tO
Monk,Intro,2002,https://youtu.be/7j5Be5a86uA?si=Z-snYHHLhA53ZiFI
Gute Zeiten Schlechte Zeiten,Intro,1992,https://youtu.be/AyrvCBRYV3A?si=DHdkkgBnLArBvyyV
Unter Uns,Intro,1994,https://youtu.be/iMo2jJo5Cuw?si=GGhNYloleC-iuPG3
Verbotene Liebe,Intro,1995,https://youtu.be/aBI8WXLaB_o?si=zoyKwSbPWmtm_1_0
